[null,{"name":"Kick","permissions":"KICK_MEMBERS","restriction":"1","actions":[{"condition":"1","comparison":"0","value":"1","iftrue":"3","iftrueVal":"2","iffalse":"0","iffalseVal":"","name":"Check Parameters"},{"channel":"0","varName":"","message":"```\nPlease mention one user in order to kick them!\n!Kick [@user] [reason]\n```","storage":"0","varName2":"","name":"Send Message"},{"name":"End Action Sequence"},{"info":"1","infoIndex":"2","storage":"1","varName":"reason","name":"Store Command Params"},{"member":"0","varName":"","reason":"${tempVars(\"reason\") || \"\"}","name":"Kick Member"}]},{"name":"Ban","permissions":"BAN_MEMBERS","restriction":"1","actions":[{"condition":"1","comparison":"0","value":"1","iftrue":"3","iftrueVal":"2","iffalse":"0","iffalseVal":"","name":"Check Parameters"},{"channel":"0","varName":"","message":"```\nPlease mention one user in order to ban them!\n!Ban [@user] [reason]\n```","storage":"0","varName2":"","name":"Send Message"},{"name":"End Action Sequence"},{"info":"1","infoIndex":"2","storage":"1","varName":"reason","name":"Store Command Params"},{"member":"0","varName":"","reason":"${tempVars(\"reason\") || \"\"}","name":"Ban Member"}]},{"name":"WIN","permissions":"ADMINISTRATOR","restriction":"2","actions":[{"storage":"0","varName":"","name":"Delete Message"},{"info":"0","infoIndex":"2","storage":"1","varName":"PRICE","name":"Store Command Params"},{"info":"0","infoIndex":"3","storage":"1","varName":"MAIL","name":"Store Command Params"},{"info":"0","infoIndex":"4","storage":"1","varName":"WW","name":"Store Command Params"},{"title":":tada: **Congratulations** :tada:","author":"","color":"#0080FF","timestamp":"false","url":"","authorIcon":"","imageUrl":"","thumbUrl":"","storage":"1","varName":"EMBEDWIN","name":"Create Embed Message"},{"storage":"1","varName":"EMBEDWIN","message":"You won a Price Congratulations\nwith your price ** ${tempVars(\"PRICE\")} **\n\n** Here is your ${tempVars(\"PRICE\")} **\nE-Mail:** ${tempVars(\"MAIL\")} **PassWord: ** ${tempVars(\"WW\")} **\n\n**PAY ATTENTION**\nIf Those account (s) are NOT working then it is not our fault because we make that and we do not give another if we work, even if you have proof\nIt is for safety\n\n** We Wish You A Wine Day **","name":"Set Embed Description"},{"storage":"1","varName":"EMBEDWIN","message":" | GiveAwayWorld","footerIcon":"https://cdn.discordapp.com/attachments/488271000568594453/502114717532160001/zzz.png","name":"Set Embed Footer"},{"storage":"1","varName":"EMBEDWIN","channel":"2","varName2":"","storage3":"0","varName3":"","name":"Send Embed Message"}]},{"name":"WINC","permissions":"ADMINISTRATOR","restriction":"2","actions":[{"storage":"0","varName":"","name":"Delete Message"},{"info":"0","infoIndex":"2","storage":"1","varName":"PRICE","name":"Store Command Params"},{"title":":tada: **Congratulations** :tada:","author":"","color":"#0080FF","timestamp":"false","url":"","authorIcon":"","imageUrl":"","thumbUrl":"","storage":"1","varName":"EMBEDWIN","name":"Create Embed Message"},{"storage":"1","varName":"EMBEDWIN","message":"You won a Price Congratulations\nwith your price ** Steam Game Code **\n\n** Here is your Steam Code **\nGame Code:** ${tempVars(\"PRICE\")}\n\n**PAY ATTENTION**\nIf Those account (s) are NOT working then it is not our fault because we make that and we do not give another if we work, even if you have proof\nIt is for safety\n\n** We Wish You A Wine Day **","name":"Set Embed Description"},{"storage":"1","varName":"EMBEDWIN","message":" | GiveAwayWorld","footerIcon":"https://cdn.discordapp.com/attachments/488271000568594453/502114717532160001/zzz.png","name":"Set Embed Footer"},{"storage":"1","varName":"EMBEDWIN","channel":"2","varName2":"","storage3":"0","varName3":"","name":"Send Embed Message"}]},{"name":"DM","permissions":"ADMINISTRATOR","restriction":"2","actions":[{"info":"0","infoIndex":"2","storage":"1","varName":"NAME","name":"Store Command Params"},{"info":"1","infoIndex":"3","storage":"1","varName":"SEND","name":"Store Command Params"},{"title":"**Message**","author":"","color":"#045FB4","timestamp":"false","url":"","authorIcon":"","imageUrl":"","thumbUrl":"","storage":"1","varName":"EMBED111","name":"Create Embed Message"},{"storage":"1","varName":"EMBED111","message":"${tempVars(\"SEND\")}","name":"Set Embed Description"},{"storage":"1","varName":"EMBED111","message":" | ${tempVars(\"NAME\")}","footerIcon":"https://cdn.discordapp.com/attachments/488271000568594453/502114717532160001/zzz.png","name":"Set Embed Footer"},{"storage":"1","varName":"EMBED111","channel":"2","varName2":"","storage3":"0","varName3":"","name":"Send Embed Message"}]},{"name":"SPAM","permissions":"ADMINISTRATOR","restriction":"2","actions":[{"channel":"2","varName":"","message":"SPAMM KARMA","storage":"0","varName2":"","name":"Send Message"},{"channel":"2","varName":"","message":"SPAMM KARMA","storage":"0","varName2":"","name":"Send Message"},{"channel":"2","varName":"","message":"SPAMM KARMA","storage":"0","varName2":"","name":"Send Message"},{"channel":"2","varName":"","message":"SPAMM KARMA","storage":"0","varName2":"","name":"Send Message"},{"channel":"2","varName":"","message":"SPAMM KARMA","storage":"0","varName2":"","name":"Send Message"},{"channel":"2","varName":"","message":"SPAMM KARMA","storage":"0","varName2":"","name":"Send Message"},{"channel":"2","varName":"","message":"SPAMM KARMA","storage":"0","varName2":"","name":"Send Message"},{"channel":"2","varName":"","message":"SPAMM KARMA","storage":"0","varName2":"","name":"Send Message"},{"channel":"2","varName":"","message":"SPAMM KARMA","storage":"0","varName2":"","name":"Send Message"},{"channel":"2","varName":"","message":"SPAMM KARMA","storage":"0","varName2":"","name":"Send Message"},{"channel":"2","varName":"","message":"SPAMM KARMA","storage":"0","varName2":"","name":"Send Message"},{"channel":"2","varName":"","message":"SPAMM KARMA","storage":"0","varName2":"","name":"Send Message"},{"channel":"2","varName":"","message":"SPAMM KARMA","storage":"0","varName2":"","name":"Send Message"},{"channel":"2","varName":"","message":"SPAMM KARMA","storage":"0","varName2":"","name":"Send Message"},{"channel":"2","varName":"","message":"SPAMM KARMA","storage":"0","varName2":"","name":"Send Message"},{"channel":"2","varName":"","message":"SPAMM KARMA","storage":"0","varName2":"","name":"Send Message"},{"channel":"2","varName":"","message":"SPAMM KARMA","storage":"0","varName2":"","name":"Send Message"},{"channel":"2","varName":"","message":"SPAMM KARMA","storage":"0","varName2":"","name":"Send Message"},{"channel":"2","varName":"","message":"SPAMM KARMA","storage":"0","varName2":"","name":"Send Message"},{"channel":"2","varName":"","message":"SPAMM KARMA","storage":"0","varName2":"","name":"Send Message"},{"channel":"2","varName":"","message":"SPAMM KARMA","storage":"0","varName2":"","name":"Send Message"},{"channel":"2","varName":"","message":"SPAMM KARMA","storage":"0","varName2":"","name":"Send Message"},{"channel":"2","varName":"","message":"SPAMM KARMA","storage":"0","varName2":"","name":"Send Message"},{"channel":"2","varName":"","message":"SPAMM KARMA","storage":"0","varName2":"","name":"Send Message"},{"channel":"2","varName":"","message":"SPAMM KARMA","storage":"0","varName2":"","name":"Send Message"},{"channel":"2","varName":"","message":"SPAMM KARMA","storage":"0","varName2":"","name":"Send Message"},{"channel":"2","varName":"","message":"SPAMM KARMA","storage":"0","varName2":"","name":"Send Message"},{"channel":"2","varName":"","message":"SPAMM KARMA","storage":"0","varName2":"","name":"Send Message"},{"channel":"2","varName":"","message":"SPAMM KARMA","storage":"0","varName2":"","name":"Send Message"},{"channel":"2","varName":"","message":"SPAMM KARMA","storage":"0","varName2":"","name":"Send Message"},{"storage":"0","varName":"","name":"Delete Message"}]},{"name":"news","permissions":"ADMINISTRATOR","restriction":"4","actions":[{"info":"0","infoIndex":"2","storage":"1","varName":"TITTEL","name":"Store Command Params"},{"info":"0","infoIndex":"3","storage":"1","varName":"","name":"Store Command Params"}]},{"name":"cnews","permissions":"ADMINISTRATOR","restriction":"4","actions":[{"info":"0","infoIndex":"2","storage":"1","varName":"TITTEL","name":"Store Command Params"},{"info":"0","infoIndex":"3","storage":"1","varName":"FLINK","name":"Store Command Params"},{"info":"0","infoIndex":"4","storage":"1","varName":"FOOTERTEXT","name":"Store Command Params"},{"info":"1","infoIndex":"5","storage":"1","varName":"TEKST","name":"Store Command Params"},{"title":"** ${tempVars(\"TITTEL\")} **","author":"","color":"#013ADF","timestamp":"false","url":"","authorIcon":"","imageUrl":"","thumbUrl":"","storage":"1","varName":"CNEWS","name":"Create Embed Message"},{"storage":"1","varName":"CNEWS","message":"${tempVars(\"TEKST\")}","name":"Set Embed Description"},{"storage":"1","varName":"CNEWS","message":"${tempVars(\"FOOTERTEXT\")}","footerIcon":"${tempVars(\"FLINK\")}","name":"Set Embed Footer"},{"storage":"1","varName":"CNEWS","channel":"3","varName2":"","storage3":"0","varName3":"","name":"Send Embed Message"},{"storage":"1","varName":"CNEWS","emoji":"4","varName2":":smiley:","varName3":"","name":"Add Reaction"},{"title":"**Your message has been sent successfully!**","author":"","color":"#013ADF","timestamp":"false","url":"","authorIcon":"","imageUrl":"","thumbUrl":"","storage":"1","varName":"SUCCES","name":"Create Embed Message"},{"storage":"1","varName":"SUCCES","channel":"0","varName2":"","storage3":"0","varName3":"","name":"Send Embed Message"}]},{"name":"CNEWSHELP","permissions":"NONE","restriction":"4","actions":[{"channel":"0","varName":"","message":"1) Channel name\n2) Tittle \n3) Footer Photo link\n4) Footer Text\n5) Your Text","storage":"0","varName2":"","name":"Send Message"}]}]